(Cycle %):,Rt Biceps Fem,L.Biceps Fem. M(uV),R.Glut.Max. M(uV),L.Glut.Max. M(uV),R.Rectus Fem. M(uV),L.Rectus Fem. M(uV),R.Vmo M(uV),L.Vmo M(uV),R.Glut.Med. M(uV),L.Glut.Med. M(uV),R.Tib.Ant. M(uV),L.Tib.Ant. M(uV),R.Med. Gastro M(uV),L.Med. Gastro M(uV),R.Soleus M(uV),L.Soleus M(uV)
0.0,9.166123944724763,18.589493049976916,7.796786877366022,8.973597887015137,9.256566031333492,10.738125916118966,30.43271404709134,22.08140934975484,40.267886007259904,32.76131218116476,8.507210621249435,12.44475972544612,5.734833121074709,2.830857749321326,17.10975652980618,11.194810034829226
0.5,8.821663870446104,17.08706133339271,7.947581162194151,9.442955187452624,9.590703241672088,11.043289576339307,31.483440317342016,22.46650186811537,44.51733645743908,35.61322532527165,8.441868431093692,12.299620714959534,6.284284184420269,3.0413526077237623,18.665298215928583,13.117301327522382
1.0,8.43548008618299,15.652120667694854,8.070192987414565,9.90169997382564,9.955482242304129,11.28773080287484,32.64856323012014,22.729648726235244,48.5251554335407,38.04251092201443,8.31261490166152,12.069515469970732,6.862022541502147,3.310713974082858,20.43455245650777,15.267037373037434
1.5,8.080065185192622,14.183133534448478,8.14311963313124,10.368684585340318,10.28838893353146,11.499612865856541,33.7840320734683,22.87948695662216,51.604367308930236,40.18314612407833,8.146072531131846,11.719004809531864,7.349360028557489,3.6641714217877612,22.114657062854732,17.6744766498295
2.0,7.732915552465841,12.924496235092493,8.180472469066764,10.759280850904714,10.606958212689635,11.658411745236181,34.95998502983696,22.900906310990305,54.093593632551304,41.741211958743186,7.9357591314301565,11.31022203864088,7.771726112071514,4.0374245537638584,23.795439730378217,19.824725560276445
2.5,7.3669431934302825,11.776543006714316,8.18827333092102,11.10189305223655,10.921276607645252,11.786520639273725,36.21524698383551,22.82088156081693,56.197586810122516,42.966600931091776,7.656235908286795,10.84162068403007,8.144558255249699,4.446977263424533,25.550092539940117,21.809307700723934
3.0,7.036252989153509,10.749839874446259,8.173121398730784,11.389008807502865,11.171090631461391,11.878354177502484,37.28244361406453,22.645004592032414,57.70596400043861,43.94484449068642,7.345034513857575,10.34335198579639,8.412814705235903,4.887818838406025,27.03537784188538,23.576828306497198
3.5,6.71316716630548,9.845858497369974,8.142595995244294,11.614108321067643,11.375244938557943,11.917858113858811,38.19931839108916,22.368801895892457,58.931921728424385,44.752078235066165,6.977552984841652,9.846814339897863,8.620911293561731,5.354556583787687,28.320396234294794,25.108453837597327
4.0,6.380469204555769,9.053027390602326,8.094891241082212,11.772215064875025,11.542940455925974,11.887589247718568,38.981742656323966,21.98178260814069,60.071167340974284,45.42590547879032,6.513554060147768,9.37697081804944,8.80063745135848,5.8382551036801775,29.42966579289238,26.407825635040755
4.5,6.104624241914698,8.29402008901624,8.035055542539201,11.865919280986876,11.650065534464789,11.765767589484136,39.49833520548722,21.420108057117464,61.00070621910291,45.98408278966562,6.030112907142113,8.91635624957285,8.947467419470327,6.367615518827807,30.174515995309047,27.575744451941137
5.0,5.876526261676887,7.6629462336486664,7.953965516431154,11.881379150930888,11.714900840668284,11.573633800652514,39.82306157857825,20.767869266569456,61.80573349915941,46.286661075161504,5.511190988241007,8.54132151628212,9.095305421194375,6.849153215825013,30.66818305802509,28.467280357045166
5.5,5.696296565856327,7.084824272424623,7.834193419751488,11.83102239777552,11.7376980716274,11.317622878150267,39.96358179174404,20.01864772395047,62.47646551826994,46.340567785498536,4.940767109507787,8.209902317764337,9.263563897639902,7.31556515255522,30.976623840939173,29.21560157916811
6.0,5.587191678514528,6.554748675071939,7.690387686722221,11.71750724893858,11.70846392062033,11.01520018677006,39.89626906853674,19.241211469930544,62.828211493019914,46.13358698594869,4.440108050920947,7.909188096545828,9.41663951730778,7.762263793408854,31.126475360952,29.845297142544535
6.5,5.515824266007788,6.072093203683532,7.519339356959248,11.544090202970283,11.621078419491422,10.684599449146532,39.63949684561066,18.521468891183723,62.86667003773131,45.691537363109866,3.991479933400395,7.6205164123217015,9.549201133362327,8.184380733249222,31.20653281122622,30.369804108390014
7.0,5.463639303023725,5.602480876259912,7.334763715116822,11.290375653084327,11.468582609781881,10.313578656201239,39.20925838851284,17.863322151587518,62.58847198162353,45.01326434194531,3.60886173644594,7.302356974918697,9.642376693847202,8.604246971945628,31.24777125914419,30.82812870402451
7.5,5.413353343982814,5.215660679252425,7.14153462152729,10.995434783347667,11.232514043765462,9.972885833845572,38.57915977309389,17.35210829294918,62.00089541537104,44.27985040954236,3.2690693399007946,6.9931521165980985,9.682012159795152,8.94726730802287,31.24975921122993,31.160396797899303
8.0,5.36522572422531,4.8639967825287975,6.980630097497347,10.649946801458967,10.963426548263383,9.64229987233439,37.861959617667125,16.89069260977571,61.34096974166472,43.50886634002368,3.0160038502896387,6.66530477246639,9.65380800285159,9.2403041030544,31.196123031118383,31.41719966629588
8.5,5.311932311803062,4.531144376714109,6.829204761882384,10.270024236779399,10.666083723774562,9.327398754078207,37.0121643176834,16.445159098271926,60.76165417762973,42.747689522828736,2.811843109369038,6.322237138206321,9.565636238080911,9.479679838698504,31.07595209805998,31.600896487900947
9.0,5.243932075891559,4.200720382339116,6.668058558827697,9.877476791499111,10.331541001456115,9.029985164783206,35.9204715389317,15.9982093808749,60.38184124899081,42.02532367913962,2.6368977418571573,5.974460243414892,9.415808149380188,9.666154735141909,30.854426429591825,31.714216843852
9.5,5.163525571928539,3.861066337033588,6.535652019798882,9.495657435388418,10.021263743127271,8.746520225542579,34.73636026778781,15.54727848382091,60.2310183020402,41.35649959390809,2.5116332512400708,5.636915015307591,9.24571546744441,9.802361476085458,30.53721708282671,31.764734039643315
10.0,5.060556893363399,3.476991149518823,6.443659584352359,9.109310254571167,9.717707729338,8.448537755922265,33.38682975521345,15.061604956355938,60.12805689751074,40.70001751769021,2.416195497589233,5.301534849775088,9.064498043427543,9.893651562252485,30.094042462040132,31.757747679571107
10.5,4.9320520494393545,3.110575870983858,6.397062525720355,8.77168817836638,9.406297834099922,8.179043630904534,31.77376818193625,14.627388935724312,59.92526463330865,40.15186643026632,2.340815671719449,5.034314246361173,8.874779882351046,9.924258850854162,29.486129796319666,31.696192490745634
11.0,4.814343084760409,2.7426402259744695,6.387516204242943,8.438621121010534,9.140901895931643,7.917587711002884,30.201254334270384,14.220609624972875,59.579018417944205,39.642426784017495,2.2915770578237193,4.8146900992287085,8.719142610256274,9.902594447995885,28.852951646532876,31.577931535950693
11.5,4.712725459661433,2.386944052949111,6.390382786008665,8.10118940380242,8.894965871738894,7.667849248191404,28.6187798150888,13.85086440223651,59.03991132206148,39.150836602417435,2.2555239515765373,4.640222971513463,8.590779402236068,9.831526967781269,28.222146710863928,31.40148320538303
12.0,4.63256992538253,2.0580404250485422,6.387710890123989,7.757550623595678,8.64149757904687,7.43077391366022,26.975852130412175,13.522176994130344,58.213379301019216,38.6637784596111,2.223030628880641,4.500686185154755,8.485741260634365,9.719141707664255,27.63339697862104,31.170380568573457
12.5,4.592101063818663,1.7686732836819448,6.3660134843469205,7.411192429150762,8.413161706991026,7.204699394770439,25.593630047195244,13.232140458449553,57.218905763781926,38.18472935168621,2.19240174823962,4.385409074605363,8.417730168107791,9.578587106440937,27.239720823721047,30.895080371633327
13.0,4.585291419722955,1.5109624685184986,6.319094187015257,7.038088795673411,8.191104279036988,6.968348089744196,24.38316726029583,12.946771931893261,55.98563017413443,37.69248225670317,2.1573372298726974,4.281451150650941,8.37027464759093,9.410623384298047,27.01214654134863,30.56088618501431
13.5,4.613320550610755,1.3341094044581876,6.2401859854361525,6.698712697285006,7.966035808106138,6.754131401011867,23.267487233748174,12.68726587776502,54.367121438437074,37.278241967077356,2.1135922161712166,4.202615934361688,8.329210268017432,9.253081794074703,26.92113223888095,30.230185178431405
14.0,4.665304737847525,1.2239158865075999,6.147978724189855,6.361906445351673,7.783201176823733,6.541525308525226,22.382408150045137,12.40892975557988,52.63995268388826,36.90203629877748,2.0705149328800863,4.135703528104159,8.289533233673103,9.099307600441751,26.904111362301958,29.886200970112508
14.5,4.7310462466019745,1.1615286745639906,6.046896472090436,6.023543328766984,7.635049472461543,6.331490259586742,21.597619616850764,12.099777479408793,50.7487229251902,36.54511999617795,2.029492871761074,4.072896758941234,8.244223681619339,8.950499180048228,26.87503178411765,29.535988302120753
15.0,4.802530778294637,1.1163873587616076,5.937053355344027,5.681590585387908,7.52152942338993,6.127794162844579,20.849238689813873,11.76178444373803,48.57978940694072,36.178077937796274,1.992902112456207,4.008847822540696,8.194637780788023,8.809922109262741,26.786259706676894,29.18635118255256
15.5,4.857108318933948,1.0748747437208341,5.839999086990351,5.3081810178087645,7.4593089702978785,5.919591351836966,20.275135057481926,11.379232586593696,46.51761826329189,35.73527850473243,1.9701255680044396,3.9391018781668405,8.162411881494737,8.67667011574446,26.65665755907223,28.811817319790663
16.0,4.894695211958537,1.0429505268574304,5.7455025883152215,4.964943351202151,7.430009564489455,5.74128061610478,19.844446011198997,11.030505561191339,44.446788407552624,35.257078739363315,1.9595155919386726,3.8808746653257247,8.160993359968282,8.581417896781572,26.51003453488856,28.46542264629187
16.5,4.916165668434748,1.019605769321092,5.637337798129538,4.629782344882912,7.42004888516833,5.574997635822024,19.54803784313029,10.701131323617634,42.25043563435008,34.69434284773942,1.9608900759651735,3.836460950801697,8.208033196521349,8.521117081773104,26.36660918557147,28.11295337259979
17.0,4.923351767056632,1.0061207797218599,5.52236571541355,4.311100988847002,7.413942900184392,5.415711144734976,19.395823515348397,10.398203059612543,40.3250085081505,34.04661961662801,1.9717168476187172,3.8106348472308897,8.295087810639327,8.498699948582152,26.26989300502844,27.75782289976112
17.5,4.928366977910903,1.0001367286097134,5.384554964859199,4.019987694650573,7.3975406397580725,5.256498534209656,19.306447825218047,10.119228733054914,38.565699114300116,33.33424681894671,1.988917409552881,3.804523783511702,8.409754232052455,8.51262358727309,26.210786104060812,27.413057997045897
18.0,4.942245601442574,0.9970333718701586,5.206054865166601,3.7684758702975385,7.359268698763328,5.090614508960234,19.23169772993169,9.854568418851706,36.95035501287728,32.604137359924835,2.011477158416872,3.8185517926368915,8.543775938029835,8.564284855627445,26.17763815881734,27.10022748408979
18.5,4.962599242824463,0.9918808255346419,5.01841795567741,3.5532070392037554,7.301443622648264,4.8990126601730575,19.159799599134658,9.572026225945015,35.85899935059659,31.8738487427076,2.032710118283673,3.857887088494688,8.661227442000396,8.669206476177209,26.16201193079461,26.824152291252574
19.0,4.978176094551992,0.9821602215768879,4.817938491345542,3.4162505396337632,7.2221870053453,4.711370809494539,19.079303166475743,9.305645799004521,35.26893993842315,31.330614552423015,2.051449928891047,3.91653334570512,8.767107343628785,8.814041528993787,26.15132476202364,26.64175472747497
19.5,4.973382573585358,0.9660833028622202,4.616102939152607,3.3433634395151284,7.123792087016345,4.516665977114758,18.98831595737745,9.022380307809009,35.15084283244426,30.94947208051767,2.065684727184432,3.994266076213196,8.865982970467213,9.001224216645527,26.137755833252424,26.535215585623366
20.0,4.931529195930778,0.9435422173066412,4.409245833889979,3.3322274382098103,7.000721531660697,4.319367937018299,18.888020105819546,8.706967550650633,35.37891808142485,30.71484119948402,2.076247008220889,4.086445860215778,8.975562459373387,9.221021473786074,26.10954694726071,26.508945504112035
20.5,4.855393359425815,0.915566778357357,4.2392716331258695,3.37299825617562,6.8781869978876085,4.123761761785428,18.841042207484126,8.342759510612732,35.775764355763975,30.57463995838221,2.0836787609698564,4.186777054926241,9.084835381356262,9.458595899529602,26.059740271748428,26.56139449114681
21.0,4.750425289043877,0.8813046066408354,4.095533033159033,3.458829768067958,6.753429139811209,3.9194302922123976,18.936943489224824,7.876256426869984,36.26232829586433,30.45679367876803,2.091123521454091,4.296197521552101,9.204453637988111,9.720325104605175,25.98231030853324,26.69261383322088
21.5,4.621401774439324,0.848726319074476,3.9709743491281766,3.5597676260533486,6.622523347235713,3.7444072414771385,19.267925100415127,7.371606956062972,36.82255378599913,30.338005159756026,2.100853307433487,4.389280246398089,9.34758401882217,9.955206927815407,25.876463417829004,26.863523222524115
22.0,4.506495304566351,0.8182111375020136,3.881835068834886,3.667000928000109,6.510522802824228,3.589235897678377,19.686209691484237,6.803805643063843,37.31576516254687,30.20655612827196,2.111519650352076,4.467456964392703,9.49107812312455,10.17336765184462,25.780987781029385,27.063608927952732
22.5,4.409102335816679,0.7925284251125575,3.811284933528198,3.7691421267858907,6.409275317464609,3.4594573029457654,20.07860925913066,6.198149693570729,37.73346847893586,30.0863011662535,2.12288841097506,4.526292789294016,9.64148297332504,10.36451247229222,25.712441960274855,27.28148534801874
23.0,4.330377328737242,0.7738700145809061,3.7464276819154945,3.8579921884826005,6.312637617715,3.358861530095986,20.380493411060854,5.591934555484576,38.051443203905286,30.01351649051656,2.13489021471435,4.566097015755569,9.805298827407498,10.52124141335044,25.67876235342706,27.517209467714583
23.5,4.283094640249598,0.7634466325274233,3.6891027599073296,3.927704372478168,6.235534408856755,3.288785817296326,20.504124481358595,5.025835120812088,38.19400514863838,30.018154697129752,2.1447804294287,4.591494097710172,9.948314895151514,10.639101756782718,25.66992444241026,27.776097986834188
24.0,4.257412075908291,0.7612304461562386,3.627702861009721,3.9774424588943544,6.167329158268995,3.2455139722918345,20.465607057604913,4.496046475865845,38.18196590262812,30.119843561718007,2.152541711471088,4.609009154622883,10.075628501163136,10.718426801094568,25.65688717524337,28.087686226955267
24.5,4.246302484558044,0.7658019828779599,3.551520261765237,3.9985179192401956,6.094038694232781,3.230612262991158,20.24074185003438,4.10207379952238,37.999076176780896,30.284689007914807,2.157679766901384,4.620043989681532,10.193469708849756,10.74683207260365,25.62369299855604,28.401770409744888
25.0,4.240187189921727,0.7743014229168979,3.470463802188404,3.997212600405873,6.015122334108312,3.2318460683720267,19.86800387400678,3.7993704265818806,37.69378839675765,30.483289185215067,2.1591626487217734,4.628180434519079,10.284629202110219,10.742768826778025,25.583864609675626,28.7282944163825
25.5,4.223665019050691,0.78444995611116,3.3802302529775194,3.9763954844126577,5.915748593759031,3.2400172584992197,19.34569149271715,3.5765459285296197,37.29426610313072,30.67830619860814,2.1582867945471573,4.634605781515255,10.357280366882666,10.739061349020085,25.557088898443386,29.04676074509017
26.0,4.176817344682183,0.7944036597343291,3.275301276400916,3.9378613846577455,5.778993174347778,3.245890763156651,18.63514415408242,3.417645196053344,36.80511136728678,30.83727260180167,2.156652155815325,4.639664245687709,10.415834649232881,10.803039682370269,25.56212042058285,29.3289789201116
26.5,4.097071727554004,0.8034910675860305,3.173547693677207,3.874390256338785,5.62512235275254,3.2407856163411983,17.875424282728282,3.29898172972835,36.328421995174075,30.93600867391085,2.1567171944916574,4.641345411788417,10.458286374035547,11.069554904187916,25.603844298661286,29.54828566348766
27.0,3.982570992003688,0.80952382609095,3.0665308788590604,3.7925494848409653,5.448048788218339,3.2188948059009883,17.04181838711336,3.22319951909781,35.842318262212395,30.932432145492385,2.1598520586909014,4.633757715529735,10.498924677546155,11.614254540443152,25.67443971342669,29.6225542041248
27.5,3.8303202331341053,0.8130342374701103,2.9429590508459103,3.6860504247385113,5.236506705396946,3.175364378930446,16.073316691572764,3.165742891163057,35.31973317076469,30.821811913091025,2.166832876617295,4.611298932783787,10.550807232277444,12.476643826356721,25.76767312519937,29.536404292565503
28.0,3.6797384226639007,0.8140884046137035,2.8211863889058586,3.5542608122210475,5.029812122104785,3.107061799612275,15.121958589263574,3.112966428626566,34.85875333863234,30.599742012198682,2.175019078011724,4.571469763205012,10.61628784867441,13.586059733833059,25.855381879431476,29.27558398220245
28.5,3.53513387350375,0.8129785718783693,2.6931099324037193,3.3981120466651484,4.817379777350618,3.0139722918341287,14.107528603136418,3.0528414986011168,34.45426535316353,30.27289110897596,2.1829754760831106,4.517203517378618,10.716524840494268,14.8368915757492,25.926716997298538,28.852590081876034
29.0,3.395243371576931,0.8100143791181666,2.552305047265033,3.2211733592584153,4.5813112113342,2.899479585323183,12.926507843697504,2.9775394607841643,34.14443231744975,29.85858446446297,2.190940545978008,4.455938232859963,10.912753651653722,16.138279932546375,25.96873367452139,28.303739127263444
29.5,3.2822484541313166,0.8048722700811013,2.4303376994439367,3.0139743899164126,4.352192281662096,2.757791444039907,11.76375449992817,2.8763506379916373,34.01751741543125,29.33862756859768,2.1992785042838805,4.392233511477077,11.254679692123673,17.53917100048347,25.975814790671727,27.622483542734187
30.0,3.182877007705188,0.7981262961820014,2.3276643937649495,2.818054191127231,4.106111764694916,2.615194571847369,10.555777905120761,2.768062551322268,34.00319417843651,28.80122597289535,2.2103177356134447,4.344637055195626,11.84059143514369,18.805450666391042,25.96634504992225,26.96385669869983
30.5,3.0852916288643577,0.7890562838277193,2.2396328090017383,2.6270017438243802,3.8179745282543966,2.4625721074282474,9.243550876024893,2.6525840287228433,34.003921419346995,28.198006964608958,2.2260744389330185,4.313867225791583,12.829264566735201,20.068696941405747,25.958477999226393,26.322878106821783
31.0,2.996281047564193,0.7774987153425157,2.169915123669171,2.447690367494842,3.5353326782994228,2.299975767175753,8.079339743715474,2.538856009545106,33.93541305295166,27.516177321492087,2.2439470671892883,4.303850069915558,14.117988775493767,21.381402467682218,25.97677024051138,25.737511169058514
31.5,2.901025503957583,0.7636727739938706,2.1040173095888166,2.2836349050414544,3.244198382053811,2.1283216700553216,7.005628123974579,2.4356249327606108,33.761488843953984,26.746414181897322,2.265661313260953,4.318761065390378,15.791366140150966,22.807481914811152,26.044514716239103,25.228914413100167
32.0,2.797467046634768,0.7467330386072191,2.0388109660514817,2.123590578589372,2.955184866852239,1.9361583289990072,6.056257915129142,2.3423012190919144,33.46449615556592,25.812177183473917,2.293953137465746,4.366711713936368,17.826232671824265,24.543809841593333,26.17589677443216,24.75289027881617
32.5,2.6809125425027616,0.7302942935462357,1.9667033436964403,1.9906996033054478,2.66017723204048,1.7602856518038679,5.191179690196081,2.273654741159502,32.993965604913875,24.868763304154875,2.336171910229283,4.440997305644478,20.36493934391561,26.359665038746886,26.38340661017184,24.346724046755046
33.0,2.5785754709759834,0.7146766159634304,1.8970460781200595,1.8697468565271043,2.4209671134445396,1.5974602818100148,4.549413465407208,2.216915333376691,32.426371118990815,23.870493839612273,2.3888315585001214,4.541957066908915,22.927319217745133,28.37726694476495,26.615758141742525,23.931525693393386
33.5,2.4904181866018162,0.702096192229988,1.82318628283562,1.7585907995417789,2.2244289738775707,1.478556905763866,4.053320073642176,2.1639929955550583,31.740048872861813,22.844779993736097,2.4558951056228104,4.664652260519885,25.606781676027353,30.55365750170675,26.867434416844272,23.478603275041486
34.0,2.41634866716275,0.6949083726964447,1.7381622592692296,1.6558309340168127,2.057148290603868,1.4495513972291836,3.6784775810676207,2.1066153833997574,30.87342769662918,21.818913531619433,2.543190016996774,4.802188608877455,28.53866302527514,32.81240274892623,27.13732588082458,22.979437535330696
34.5,2.366719412128612,0.6939933695322037,1.6563069162494906,1.5605358605756319,1.9335137473222224,1.4565404983687171,3.490300935264117,2.03906904824278,29.971006950264105,20.817943423169,2.6331558500121406,4.946025588645095,31.193875520319413,35.059875765790764,27.355022044693477,22.45143169094987
35.0,2.3302451513702733,0.698077832326192,1.5737399627680035,1.4653359666327874,1.828015377760045,1.467194075369994,3.4396335066599732,1.951975424876963,28.97365853880256,19.77605889128946,2.7268895903430574,5.098073842601947,33.74200782628983,37.37351415338996,27.518396262033658,21.900358321632414
35.5,2.2992294812414804,0.7037557226837635,1.4863394287916252,1.3850860524642992,1.7235331186761107,1.4751288476996547,3.4751134292010417,1.860268495618575,27.77664272642617,18.84963186308598,2.8265808734260642,5.225852443502593,36.32708924059216,39.318164880898216,27.62336475530467,21.491770227392916
36.0,2.2739442855666914,0.7093570728526911,1.4089820009546323,1.312878805905208,1.6290115389133026,1.4813939193342474,3.5257967609528955,1.7620883505820726,26.56691156125556,17.936309925098605,2.912119740539041,5.335676988627435,38.51262562099287,41.033719697454835,27.661374707393488,21.28744483852732
36.5,2.2495667635827927,0.7139390468728637,1.3351960520388646,1.2497679999728057,1.532471721365727,1.4865729467114284,3.5489835503141136,1.663756252123549,25.27969514970084,17.006007771484384,2.987933157584377,5.425626857950444,40.49125530841412,42.50309424595707,27.66320855466637,21.370836676452885
37.0,2.22359976693282,0.717303336073704,1.2598928959122009,1.196732623792835,1.4250017245911786,1.4904221239774929,3.5149879215593143,1.572936730849766,23.836292389480686,16.032190082863984,3.0555820527940614,5.496555106080582,42.425323674916434,43.73017201573319,27.64851466076137,21.70304208683601
37.5,2.199034017685834,0.7199509307808805,1.1961836196670335,1.1509240909508092,1.3256279842418977,1.491715033807745,3.4208995986575625,1.4924621985472037,22.48332885436262,14.91528471554987,3.1020760345485447,5.55425352483661,44.064838384672896,44.80086163281065,27.63047669241758,22.203928773318257
38.0,2.1656006729333797,0.7220383904711639,1.1400402395576201,1.1187534205132215,1.2305843660682492,1.4888263038441534,3.272968518658898,1.4407494099648623,21.109190109296353,13.8354850011413,3.132986749453675,5.591847791112368,45.58421523284277,45.55633699699545,27.605804511880706,22.70246197961305
38.5,2.103263986226784,0.7241815157531885,1.089455477017332,1.0948361722884892,1.13871958893204,1.481031904581777,3.0712264878587416,1.4087662536977863,19.58541586532862,12.737371337873777,3.1519910506781366,5.617140111974642,47.05685881138288,46.083933551512786,27.564720168775587,23.19830549426503
39.0,2.008736254704113,0.7265681779990794,1.0526262789687557,1.0771259870623868,1.0698711124452092,1.4677998959761691,2.8695957790925557,1.3873347430558807,18.150972940388403,11.667193082104884,3.1611788476880918,5.6356229618355345,48.19642522183234,46.37465598164087,27.52444487593792,23.687823674757016
39.5,1.87357234849483,0.7292192518057397,1.024792911285672,1.0636988792614073,1.0203054297587997,1.4493075913754787,2.6728791429687675,1.3681642993336538,16.704019199160037,10.678186759811233,3.166945610322938,5.655298092699599,49.061349237401785,46.4247743400596,27.523843867167813,24.19732649209504
40.0,1.6852154177369478,0.7319225121046569,1.0038339691953229,1.053263127122418,0.9887826996470648,1.426101706936498,2.4779860677823966,1.34788155656223,15.142451154125641,9.813642299382634,3.1714723021957054,5.682411261119018,49.6227979791524,46.23065979247861,27.637473050920853,24.76768928135086
40.5,1.4832057361631001,0.7346849170947989,0.9917433046518512,1.0444046352415688,0.975866910036002,1.396793288098728,2.3156838433031055,1.3251310902171778,13.729285707386666,9.035817040996703,3.173024558604183,5.719342040476693,49.76655708198171,45.740314027111026,27.893664597039024,25.490190603402684
41.0,1.2683673209028048,0.7370367883458516,0.9850971314713755,1.0377964586428083,0.9716812806347989,1.3676695706652797,2.1629288084990663,1.3056020364189804,12.370362205744408,8.450931888035418,3.1694040722883203,5.754337233938005,49.55371650041906,45.03618535741022,28.291778970549025,26.26127733000237
41.5,1.038734242763812,0.7390720615438783,0.9820560037433396,1.031990509244309,0.9693973625873715,1.338782271029363,1.996237315251808,1.2897563335705833,10.993956514402495,7.963840567785498,3.155932394463908,5.783376011006899,48.93828599991998,44.118786838379066,28.811728609096193,27.119038230091725
42.0,0.8447095799729539,0.7405715534213986,0.9812034138504908,1.026232149594977,0.9635943463240106,1.3123773582675304,1.8334102868980857,1.2785604054360427,9.837848003240769,7.540808255609642,3.132236636719969,5.801564532084582,48.041988237183034,43.04092943096958,29.27590771587387,28.05212189317821
42.5,0.6803035227359711,0.7416013668686052,0.9806059295948721,1.0194880022843082,0.9506692345984686,1.2896664735921322,1.6603363303698702,1.2706223586696417,8.800143402817035,7.145273408677095,3.09798293385133,5.807231608317233,46.86896446369754,41.864014958736526,29.639248338364855,29.066545934462702
43.0,0.5566089310908355,0.7423702478545263,0.978847043359231,1.0106635030814364,0.9272614051409598,1.2695044682963734,1.4656552971529655,1.263194875401233,7.795391906149561,6.738146362955924,3.052802733358771,5.802991278389633,45.32501549721778,40.63646158322782,29.86182962480101,30.21617256879228
43.5,0.5358035442775357,0.7431669616363179,0.9753158442754631,0.9979774356603587,0.8979200498173798,1.2470226133623339,1.2871583672556308,1.2534820126656214,6.952116299457353,6.249993364511283,3.008368309688161,5.794326039466996,43.64319974809551,39.279753164369716,29.90148079314665,31.749547539160083
44.0,0.5418309995244125,0.7439880291144961,0.9695961073565083,0.9832586060962468,0.8636006853618564,1.2229597144073006,1.1191681169453869,1.2426750852914559,6.165667752035849,5.742570906832429,2.9650352076034547,5.790619492247929,41.693382155414874,38.009196791795915,29.806814206614483,33.479292793449915
44.5,0.5426633823100672,0.7448578039854477,0.9617415390523095,0.9665002158535052,0.8275940181855809,1.1949072651189183,0.9711840264543562,1.2308774216057101,5.421342361726221,5.186025926181515,2.9249540393353914,5.797199486570875,39.48509227404588,36.71440325149545,29.6192532388979,35.334946388519114
45.0,0.5368408856385526,0.7456649550656905,0.9511479418010055,0.9492931222614649,0.7909674303964322,1.1642320558891674,0.8453689238711019,1.2189278044979428,4.660188162222448,4.600258253220866,2.8856706788303446,5.815607507080104,36.86544154210437,35.39500179569251,29.363246618555145,37.08441984718905
45.5,0.5277641487296542,0.7463155466691623,0.9401381195626415,0.9335001240732747,0.7629544763861519,1.1342291597711476,0.7761478229385943,1.2068991716107247,4.009551854833624,4.013714228080326,2.8523448610773876,5.842431335339758,34.333214343798694,34.06940623058489,29.124700073508,38.579375535658926
46.0,0.5177713724737286,0.7466878103139295,0.9290678775680914,0.9202021884486081,0.7429072691984286,1.1073735755827698,0.752584659081572,1.1921900803590477,3.424333139970581,3.412233717837786,2.820632002497485,5.874762603881848,31.792413663739733,32.66631689048223,28.923708871351756,39.842858184868426
46.5,0.5087155497051733,0.7465208135387069,0.9186152597478885,0.9130297333954268,0.7313245419579051,1.090137240531467,0.7445959778819021,1.175171297092645,2.879510385057017,2.913649731129997,2.786274237746713,5.9011424446549645,29.117430200167416,31.44702856892482,28.774304255296197,40.68496530753661
47.0,0.5042650206401651,0.7456788714636259,0.9119288067299552,0.9115612497068132,0.7301033449611175,1.0790699323845099,0.7368829512425394,1.1537033176294536,2.4644887695254245,2.484200901364787,2.752206979083562,5.917515106798945,26.76660748366232,30.336755073159022,28.68675731111758,41.25721430004193
47.5,0.5045661842611056,0.7439810709155286,0.9091360713329069,0.9157695432403862,0.7379665485244025,1.0721251595820134,0.7259627898149881,1.1275734071786443,2.128747776375693,2.1301046814699998,2.7141723611641058,5.918213514081138,24.547748837513815,29.341750431321973,28.604164836672012,41.595112511169056
48.0,0.5081174052913611,0.7412743315171275,0.9108412511186046,0.9248319911890981,0.7565082342237196,1.0679878481252068,0.7116234516297811,1.0972738948275662,1.8408967334951825,1.8513212585133318,2.670821915432377,5.8983388382793045,22.28695287546784,28.435159771694273,28.461117044146405,41.69161659585332
48.5,0.5106814788974232,0.7374194892890704,0.9163461622377868,0.9373141025423125,0.7816779433178153,1.0661851624190268,0.6991394806774105,1.063819829435323,1.6323547208445994,1.6429204643780424,2.6414157619064134,5.853486124892184,20.31668363176844,27.579106902312457,28.223186918350645,41.5167296540783
49.0,0.5104890688062669,0.7317381198320152,0.9246236688352883,0.9528487563778764,0.812473548500165,1.0666062816208803,0.6935945831758481,1.0256855986448186,1.4700890926931038,1.4867807793779628,2.6516832009434945,5.774231864233615,18.444791194150913,26.672392660092818,27.840036122168133,40.99791548897682
49.5,0.5072306457408143,0.724887772948401,0.9353045390677501,0.9675131976572247,0.8493937828954113,1.0689556834838527,0.7040641554182819,0.9906998427585988,1.3409356522470324,1.3953901932785153,2.732123035831975,5.6743745887503545,16.522559428517685,25.82899764406641,27.233248421581457,40.2100067926111
50.0,0.5027508368793258,0.7164787894960419,0.9452670855322208,0.9813822102719074,0.8842025583610977,1.0728787413116458,0.7230154064393965,0.9580784821190329,1.2612402752834107,1.3430760002335693,2.860318602795796,5.552342882057468,14.8559836927181,24.95238887022667,26.49278250109029,39.1208298382538
50.5,0.498731139105385,0.7066955617475795,0.9540480900979404,0.9937419479844043,0.9174871681094192,1.0778582911721595,0.7414948640784471,0.9299853334557064,1.2156115897202224,1.31959964115277,3.0274203059419333,5.412242381249561,13.321226537887773,24.01243840063155,25.59530689202954,37.75217568701107
51.0,0.4967526614289294,0.6955937552947545,0.9611172015717193,1.004279678157325,0.9497090568071012,1.083059482717859,0.7570004330957227,0.9081344313690213,1.19804417647637,1.316016477245582,3.2400534184328276,5.257904349131805,11.849455895671637,22.982886806959122,24.47583559482146,36.21567793905797
51.5,0.4975097533093491,0.6821122447950062,0.964809520005317,1.0137024484925947,0.9744359654634305,1.0879060475672608,0.766484010180135,0.8921914783305303,1.2030666840143927,1.3261555040051811,3.453293558569496,5.078722972261757,10.699076506113931,21.753835460639134,23.33549850595384,34.68259929065081
52.0,0.49996507338562707,0.6684637375200353,0.9656822498168947,1.0211128522916164,0.9935183338025465,1.091105075890113,0.7720342087309342,0.8837124773817331,1.2200886665753827,1.3421536673019039,3.6732456901037143,4.910077568105934,9.752221181280294,20.51842522822522,22.110003097506738,33.76442290158464
52.5,0.5034200893703046,0.6539558926725642,0.9635876982691083,1.028020164456576,1.0076599814676366,1.093461865809258,0.7751035162389692,0.8794577815651324,1.2451500701389768,1.3601955611234677,3.9153586666204174,4.752437067268096,8.92015178699938,19.203487725439928,20.699119599204202,33.33835751016612
53.0,0.5066032215305218,0.6392114690601943,0.9590092234114472,1.034866289801177,1.0151689446807082,1.0959959690765522,0.7766991320592085,0.8778227627441815,1.2717341343588946,1.3782042775014465,4.147919629539699,4.623745548277154,8.277894082686814,17.842869602764356,19.34399122218986,33.14554308977188
53.5,0.5094224476487695,0.6251106788523285,0.9519401119376684,1.0415832429694645,1.0181799876575204,1.0997417135561964,0.7781463185008209,0.8777255125540877,1.300585144854458,1.3963191616988975,4.3992941135662,4.539133506039477,7.705767459116183,16.479195619633753,17.982159285816653,32.993131029012204
54.0,0.5120743606442726,0.6128016248786229,0.9411921086427777,1.0475183645442772,1.0172943867819872,1.1053861884722682,0.779842654256557,0.8785399828961229,1.3327030578775816,1.4157080597300151,4.70183669221964,4.504791822249361,7.121372962564022,15.14919227541392,16.570281811471254,32.77915238242856
54.5,0.5144920352679332,0.6033558697800896,0.9282085743689996,1.0519374126813084,1.0136541010778228,1.1138011844531657,0.7812951417474061,0.8800412827056948,1.3615711130819843,1.439071615502625,5.009400256685976,4.52049102022837,6.590861499818917,13.768902051059085,15.38293504944453,32.4015527270738
55.0,0.5172527017932202,0.6002420757420832,0.912720976866618,1.0535214714750445,1.0084010895687403,1.123065806893943,0.7824984799241314,0.8819011925912372,1.3900073689957884,1.4626806843577642,5.336158902494017,4.575874717706271,6.059586217790339,12.56170984380284,14.325413887001105,31.87060645708346
55.5,0.5209545046339461,0.6051162941188954,0.8944137907422165,1.052997984234196,1.0019781526925062,1.132625951581635,0.7838078390855904,0.884490478902483,1.4236877136625272,1.487371337873777,5.695762079850151,4.661953415236553,5.48032022214151,11.42792195122682,13.30361422017571,31.148315979503632
56.0,0.5251456983587001,0.6209427176707291,0.8780198968970427,1.051298350335338,0.9959933551967991,1.141277365360064,0.7855730884814031,0.8882406893579725,1.461163346830849,1.511776665374958,6.01580873426064,4.770156657742019,4.942071841620253,10.37065415261851,12.432020514432686,30.246505680264047
56.5,0.5299643162937466,0.6488624910282722,0.8652041952793375,1.0494559471889755,0.9899852524148937,1.1480596009267579,0.7885893854970716,0.893443574527987,1.5054909529526264,1.5342577011482048,6.310074057372785,4.892382920749231,4.402789447239053,9.384453834224814,11.588288958852475,29.17518212403581
57.0,0.5352890564250958,0.6912970674322542,0.8595448781165684,1.048143829819057,0.9838046905151214,1.1527731807650479,0.7933126203669493,0.9007434169218977,1.5536479369936655,1.555079864742198,6.569101425647784,5.033715611547865,3.867476834712105,8.387059928943756,10.752185591508209,27.802430751837193
57.5,0.5416302237771189,0.7393364731046476,0.8624248864947748,1.0479738664291711,0.9770741238610707,1.1551225826280203,0.8002622959162308,0.9085538228138006,1.605355902042922,1.5705670954077107,6.802455860418329,5.170349019062029,3.2998707742477555,7.527310816585084,9.862553917421394,26.31286014515217
58.0,0.5481721668764354,0.7938017755236304,0.8711857511417657,1.0490548335888452,0.9716672974630797,1.1575163128280297,0.8078533984231498,0.9165404946752482,1.6493482955575238,1.5829290108875096,6.971721183530473,5.313881692799571,2.7972049410274353,6.726083678896474,9.08723719350479,24.60517378143292
58.5,0.5555423099333382,0.853016048738009,0.8835315213224676,1.0516110829727279,0.9686515934290281,1.1625919074187905,0.815836778573583,0.923797790110993,1.688125008167256,1.5933467281732234,7.099864719553227,5.465570765868438,2.3272118673614823,5.9837904578510335,8.400754188954075,22.70194911468116
59.0,0.5650289639929611,0.9156015693521952,0.8991063918060069,1.0558193765063006,0.9702549971194666,1.1696253368953615,0.8238519650194364,0.9297665205279957,1.724299561894167,1.603366316135916,7.2012426723091325,5.625810339520723,1.8707752869648264,5.298865773950962,7.81779879767425,20.64322380057988
59.5,0.5764020735115302,0.980775539982333,0.9143254570586724,1.0617612966167087,0.9773398041237306,1.1760381696534115,0.8295346898011525,0.9347870615915844,1.753548282262651,1.6146997308645776,7.271167921190467,5.79338817825948,1.5140976618296642,4.6695045723686555,7.476633857752011,18.475856598406242
60.0,0.5923637454213718,1.0543132657715406,0.9297459214986249,1.0700963012567093,0.9896077067784823,1.1815644356707173,0.8328160392786544,0.9411326364952004,1.7807686822792415,1.6301869615300908,7.327712546394256,5.981284680286607,1.2357037191763844,4.047127659693987,7.344820306082979,16.06723773227083
60.5,0.617674038064572,1.1259444450436227,0.946455340737215,1.079185943347803,1.0078417626999827,1.186145030497896,0.833393853645452,0.9513439064550423,1.810636693735558,1.6483018457275413,7.380532623400049,6.161209362049845,1.0387786373775745,3.522096380190984,7.422311911223299,13.850829245609875
61.0,0.6510446403959967,1.2027212124522537,0.9618489519521959,1.0890234243543941,1.028457618870943,1.191146744526928,0.8312310255568885,0.9689340345882458,1.8404365263565174,1.6700795196967846,7.425881924451073,6.350557553499245,0.9548312608889713,3.039083181944658,7.656558931992005,11.705207516548441
61.5,0.6962191835370579,1.2861917672677274,0.9773164095358488,1.0990648614288483,1.0522010444497063,1.197005473072013,0.8267463379026612,0.9927724874349715,1.8735543956315548,1.6947834441902314,7.4744831593187415,6.556547792758614,0.9518851007955671,2.5949498161053586,8.000297422288796,9.691637110450591
62.0,0.7593966186854458,1.3768710162136473,0.9942473678804548,1.109051910218539,1.0810203613624456,1.2033222610998155,0.8196164266793328,1.0179663648061288,1.9140639869732972,1.7209737181562896,7.5463335530195295,6.793447542878465,1.0350582659016003,2.190183123186753,8.44637691879755,7.865245308995422
62.5,0.8292289332910032,1.4736560847536466,1.0098020984452654,1.1192089223981156,1.109816372988987,1.2088780793418128,0.8112248657376755,1.040066470504929,1.955863294617224,1.74644735934091,7.653729751292102,7.079659835744585,1.199409313087446,1.8287265113495634,8.885359888674683,6.270959080216635
63.0,0.9068329424480502,1.5823396735282627,1.024725778223243,1.1310043816561912,1.1394001032890284,1.212520391035037,0.8014444298960094,1.0575289577636344,2.0008272365356743,1.7703550251883151,7.822557147316937,7.455412930811285,1.465270384232276,1.4929938032692465,9.317123048069915,4.844750086617188
63.5,0.9951240773204134,1.6823011598969768,1.0394413455076905,1.143064983802489,1.1703262180740885,1.212934122180718,0.7900047656432638,1.0667373351381346,2.0505636969291685,1.7869238405147017,8.083691768705123,7.846705587906778,1.8904994910469468,1.2417503938727001,9.746428235700229,3.8287646565400535
64.0,1.076346232756814,1.7779137719109335,1.0511627782078026,1.1565056886746594,1.1958594896328767,1.2106290486547826,0.7794503766130431,1.0696913096622318,2.095004934443209,1.7971690350937726,8.385930833535676,8.248085241606516,2.424315641304229,1.053425503477352,10.086683957226668,3.1069642498951477
64.5,1.154477278250507,1.8655766416043935,1.0608366525038282,1.1713944816286572,1.216722381837538,1.2060189016029126,0.7695003071958033,1.0678253216398081,2.1366451581379677,1.8011901412562838,8.728333448957647,8.630602910063601,3.099620220738577,0.9344267022284938,10.36152218569938,2.6588399679060526
65.0,1.2342312610348234,1.9425517176836018,1.0688456268516138,1.1874798168474512,1.2325233658799424,1.1998720388670858,0.7597304734526106,1.0631877031997135,2.17787630882058,1.8000621081743913,9.1264135072323,8.976184810539566,3.9980899321863577,0.8833758569797389,10.580612998124545,2.424187166067944
65.5,1.3033064837599608,2.0124398681142965,1.0737463404089342,1.2054619434973708,1.2400369901502537,1.1932892808170599,0.7518531142869108,1.0574924889423494,2.211664603309969,1.7949461463735727,9.504409622255368,9.29666894646758,5.003483951221566,0.8791740488540712,10.711216827012725,2.3145594376265066
66.0,1.36856696728652,2.0646298394708706,1.0760020113065503,1.221506487502592,1.2406382665341684,1.189972043595442,0.7454759520551902,1.0531952461675829,2.240725831881219,1.7881182284837642,9.876803739290297,9.53603806519233,6.200529061764922,0.8958764233999519,10.777065813542421,2.2771145990991815
66.5,1.4351324931704874,2.106232911098223,1.0749614488389003,1.2357970093241915,1.2339822767959518,1.1925430871436002,0.7408905444654661,1.0501865684115579,2.2664690237983907,1.7796977933018723,10.256222033369177,9.721674720799218,7.71500603521155,0.9180314116989274,10.784447434077814,2.264281578803406
67.0,1.4916090377529512,2.1387903240676795,1.0703628340625102,1.2474157066567861,1.2219194606597448,1.2030562910775924,0.7392048108082033,1.0481017674614237,2.2846670912693026,1.76898811451261,10.572379374934961,9.862912627752412,9.289486988832131,0.9383476408270447,10.74243846209561,2.262412471051624
67.5,1.5412592069274325,2.1640311908226924,1.0623001532647816,1.2560362497917947,1.20519558728389,1.220957551184453,0.7396447978948474,1.0471535781080097,2.2973540362154607,1.7548279815905,10.850051163758714,9.97305145615424,10.99620220738577,0.9525446591910434,10.65747277353219,2.2704302594868615
68.0,1.5850785137742618,2.1836915820056797,1.0502363419462817,1.261991766973394,1.1830229379948878,1.2436314955789871,0.741510767226157,1.049153285141812,2.3051321050158604,1.736109267919801,11.106984286655798,10.063939186684765,12.947136950719107,0.9586376554659644,10.505972332021901,2.2913152592133335
68.5,1.6147096678123432,2.1999250601971188,1.0367425963980428,1.2665807785003111,1.1598435003421217,1.2700659605655114,0.7437955194471643,1.0568056594748125,2.3076035877975793,1.7094279677886834,11.30761993131916,10.14628639387876,14.79503403152651,0.9569449484492071,10.296482249437132,2.3227652765367717
69.0,1.633118294142326,2.2104841271304703,1.0215235311453774,1.270381159898158,1.134645824904588,1.293663411981654,0.7463771304254251,1.068013743883115,2.3058423012175036,1.6786061226981488,11.478983835720975,10.20086692298214,16.63498115652632,0.9537992097454986,10.012443963637429,2.343667371760973
69.5,1.640049240252024,2.2158941268277883,1.004975231256617,1.274711827072449,1.1074672001402046,1.3150813868268003,0.7492290949147564,1.0806197997740148,2.2995641667949753,1.6426749512955128,11.625294841999375,10.222377867273682,18.409930897737066,0.9626821766564467,9.659073922537674,2.344140347198162
70.0,1.6348918132434194,2.2140710786982742,0.9859967145079248,1.2799942892301,1.0750914965536142,1.3336845122700838,0.7524309286537084,1.0925633387449012,2.287257887012898,1.6031805224518396,11.755506607929515,10.201565330264334,20.200349278450577,0.9868032516452401,9.216500310521198,2.323671337916446
70.5,1.6199005574454965,2.2027640053759043,0.9679983404706968,1.2860041946964627,1.0414945959702362,1.349302863019528,0.7552722910445665,1.1027016710621727,2.2700200048066077,1.5619741375191765,11.849170973672344,10.135007116271344,21.68881482786267,1.0142722913972662,8.773965224707933,2.2905573588139827
71.0,1.5974011252644071,2.1789043411159628,0.9502617853769422,1.2921976606239016,1.0036235058981018,1.362978154995508,0.7580500408445844,1.1111320469159227,2.246549440734695,1.5179941183028012,11.92332807242707,10.017170841895059,22.99253483561518,1.041741331149292,8.3236709615678,2.2521950619084956
71.5,1.5670170621739747,2.14728280590765,0.9321694250523136,1.2961748039472298,0.957800652175129,1.3727303891436946,0.7614427123560567,1.1165902138349335,2.2145678853822877,1.4804107102096284,12.002939748170245,9.882502952017923,24.18716378311897,1.0645441918241505,7.865124385699689,2.2202321796531663
72.0,1.5354743557085355,2.109047502580622,0.9169839263308628,1.2973373535340489,0.9118938994218425,1.3796308336091543,0.7655934339083734,1.1201641583208781,2.180734138335993,1.4472929860230066,12.101477678726283,9.74785002801112,25.10017204120052,1.0859614294985656,7.5119084494127835,2.191437662977078
72.5,1.5020953877209735,2.0676601351212653,0.9034499009451665,1.2950802397163652,0.8641646732878538,1.3834209064258358,0.7711436324591727,1.1218781929212802,2.145411820051055,1.4193509430356566,12.236025356411947,9.644405932271455,25.85257560381993,1.1073599425378398,7.262150779230987,2.163515016685206
73.0,1.46527395223294,2.026655468605128,0.8906006327962463,1.2891519166771477,0.8130888080557985,1.3837090406165775,0.7784908867012048,1.1211366602218156,2.108322533616427,1.3967836459090885,12.412939227860834,9.61157580138494,26.510208418743396,1.1304024785425044,7.107560536223106,2.134919947482631
73.5,1.4339738497954806,1.9888515736140921,0.8803158476321161,1.2798039302334279,0.7692935142320723,1.3800002364177975,0.7856844105153733,1.117009605279713,2.0776136498573643,1.379690626974058,12.583032710118284,9.681486370332456,26.979406496828588,1.157298544459212,7.025137577071669,2.10589179233757
74.0,1.4121060246527521,1.9529924952345037,0.8715952628225828,1.2665603828935248,0.731007590065609,1.3715556882122086,0.7922736147165609,1.1077769153576893,2.0533419844699976,1.3667779659307469,12.736883866939541,9.866803754038916,27.31064945942898,1.1935681627275652,6.945719661770757,2.077524663104725
74.5,1.4081992632366642,1.9241333650163326,0.8639488070119142,1.2521202932888256,0.6973873841960329,1.3606287531325358,0.7979457373998036,1.0943624672616352,2.0377006233250023,1.3583309887939867,12.863245343230775,10.098669983103534,27.507065328372143,1.2354813860274527,6.829671032456015,2.0614605937380333
75.0,1.4223121251401771,1.8975773986564415,0.8586050152425618,1.2360281595344362,0.6739655715668051,1.3482020426497705,0.8016723750131862,1.0764745104212696,2.0357007108211747,1.3511314835360255,12.924021818307954,10.34296287316774,27.539826420768815,1.2852589560866112,6.69872817297957,2.064834105290031
75.5,1.4458739956506954,1.8718077087798903,0.854852277052778,1.2186307069457238,0.6569946621572491,1.3355980188188568,0.8043494048777075,1.0550490779162445,2.047620643869558,1.3435603909099112,12.914842693121509,10.559723550443215,27.434772691018473,1.3410621137341827,6.581192432220851,2.0955091267163874
76.0,1.4786673677086508,1.846848649083066,0.8523012206804742,1.2002474666956737,0.6440555672599881,1.323932278121897,0.8069628221513884,1.0313990473128254,2.0770398113264363,1.3348081812921686,12.81163932151653,10.720082851058162,27.166375947694487,1.400441676693709,6.548753369116471,2.153331798537537
76.5,1.521378225117297,1.824912926837669,0.8511263920879657,1.1795731199499626,0.6355771041410697,1.3136628800416095,0.8102441716288905,1.0055851999798204,2.118566403628932,1.324025512127019,12.626864442054874,10.810147458720389,26.772162060628546,1.46571575479566,6.658275659607125,2.2366951439668847
77.0,1.5957572738334407,1.8236639301229824,0.8510391191068081,1.1596330150485585,0.6298300205645845,1.3069249728119532,0.8163244751033573,0.984603471467098,2.172257236473177,1.3135746173977205,12.367680980956676,10.807613238010717,26.240221684257893,1.5246646511469402,6.870608975988929,2.3217794361676907
77.5,1.7478490852364155,1.8657018891858106,0.8523683537429032,1.1384215839908083,0.6271405905373081,1.3020931840748973,0.8304146639744405,0.9683262209001599,2.242657565549689,1.303561664923745,12.035931700718026,10.722542242416171,25.525551833452063,1.5811943246379874,7.162198397618155,2.4064819289191997
78.0,1.9745667322115825,1.9783864423668036,0.8552550754273522,1.1160204092038575,0.6287346721132675,1.2975569175847557,0.8548737051524609,0.9559632904844942,2.3181599441388077,1.2943317001183772,11.73498473759062,10.56330039345273,24.763748617201315,1.6345220855199027,7.4574709242744355,2.4849616604970914
78.5,2.2824479750301894,2.189905253683757,0.8599678164098716,1.093279307637135,0.6344677725180337,1.2919272187810298,0.8910533661927705,0.9456304577870355,2.4047300203343376,1.2856790228313895,11.514386555204828,10.345980990351503,23.932313140965185,1.6847752613116458,7.760957237455483,2.553229681431098
79.0,2.6922898348493995,2.5247546626021506,0.8669160883712781,1.0714356127690097,0.6444377739536393,1.284649983450754,0.9437882039992176,0.9364463929600587,2.517992110572435,1.2774244748674228,11.429164209650006,10.087779818124767,22.99244650277287,1.7332046576406437,8.09149665053189,2.609171848501979
79.5,3.119323118030624,3.040138022834721,0.874549117569461,1.0499862329654193,0.6559599074500475,1.2754814057402242,1.0119756003305735,0.9285691275624665,2.6501738276223143,1.2692163753244754,11.444322557147316,9.778395369360174,22.126732687672217,1.784708639059814,8.399644634301575,2.655289802877514
80.0,3.57039511412219,3.6496901687954697,0.8829944568230352,1.032983095441242,0.668996884549341,1.2669555889167337,1.110707642363653,0.9251653709091858,2.8170869797173643,1.2627069608930837,11.467823198862256,9.481223070787072,21.292886244446073,1.8314640530071955,8.7136023695156,2.6856855978409526
80.5,4.063655114113824,4.368611286129143,0.892742177487733,1.0188625370095283,0.6845042219856478,1.2592424582722588,1.2597943510959124,0.9281740486652108,3.0406737887035624,1.2575445506712462,11.458401262617503,9.190670675524466,20.45229013285779,1.876770180194654,9.061440047834134,2.7075507394372615
81.0,4.507888186313201,5.172655530533099,0.9019931134904562,1.0074681913515828,0.7000348647081527,1.2524971629864297,1.433032640150465,0.9400811188148119,3.284310856854558,1.2542931611999086,11.410155572513789,8.92637839407232,19.75037658369095,1.9202412931382826,9.392387838664588,2.7246690311639528
81.5,4.935682744202914,6.033711778178183,0.9111232099808066,0.9987116775046654,0.7170989952625013,1.2468231358456663,1.6314880204238824,0.9623939593044423,3.556986427298351,1.2543130676660597,11.330066946477505,8.707677142277037,19.12940189832474,1.9630270844357465,9.735178584362368,2.7397814511570235
82.0,5.352639594566841,7.003423781802014,0.9196961020529963,0.9925182115772263,0.736796623157251,1.242863137737009,1.844203223143957,0.9984677016923356,3.8477066628335015,1.2608954724733386,11.223707031114502,8.54386571423868,18.59582996239619,2.0124975704785903,10.089087992307087,2.7554865150713908
82.5,5.805531120868255,7.924157022892822,0.9279199022005546,0.9901659182612066,0.7634252431673562,1.2433433613882452,2.0776508294286686,1.0415373796300968,4.166942696257038,1.276210180432209,11.076511498837975,8.466861322753461,18.114431559973585,2.0665368674958686,10.479759103356558,2.7695105217090026
83.0,6.236571553339214,8.882447142911317,0.9343445362750147,0.99108372056659,0.7962484082489526,1.2509752234148188,2.286077483316273,1.09248432296545,4.450049628510571,1.2997263524453102,10.90016563182906,8.440227062184688,17.741713729885443,2.134409924955407,10.837759994082376,2.7811867466584
83.5,6.689199561472306,9.918296827722301,0.9396950413506099,0.9948501092864598,0.8408081154599811,1.2691646177124214,2.48231702500876,1.1504697488088371,4.708572409048013,1.326984940094808,10.669551493288006,8.42900265943516,17.413219477495648,2.22243817968085,11.181043875181267,2.78764314630099
84.0,7.207272097566973,11.099419790579086,0.9445286218455013,1.000445304081501,0.9070697051788075,1.301709005153908,2.680851921020728,1.2159495174263224,4.949147111177522,1.3541771728571352,10.344739671858198,8.400632357907792,17.08064113016156,2.3343777934815053,11.51901114023692,2.7863552854720184
84.5,7.705827557893477,12.524323254266159,0.9484894725288151,1.0066455685445355,0.9897242332094736,1.3520807721405268,2.8567354336443813,1.2911664613269425,5.1276904362706865,1.3798366077258322,9.97306965208644,8.331854206482117,16.776516350149308,2.4687682448163657,11.781528688922482,2.7756250113969982
85.0,8.212112884490784,14.432727610516205,0.9524033300684288,1.0125874886549437,1.0975950809066315,1.4292490188661402,3.0356564474806498,1.38839233887315,5.261377769268049,1.4103664913128182,9.542036664469803,8.199181765982676,16.466416113157486,2.6364735669943107,11.980971137709602,2.7521187020186364
85.5,8.750618535700646,16.499291829300073,0.9572033440321056,1.0163810715171953,1.2453645785751708,1.5220651685658897,3.245254633249559,1.4984673977854917,5.355595238162875,1.4565760347381103,9.034938776926012,8.02557268149984,16.12123734567083,2.8094405116469106,12.11609023761421,2.7184975564835243
86.0,9.218706276375345,18.73472109972943,0.9637219643939664,1.0182574673415348,1.4103240553435292,1.6355678755496712,3.463345099895623,1.6385988435736771,5.398826301349316,1.5399045020463848,8.563776926012002,7.81563644109608,15.78929811243108,2.9967617615986946,12.167175983073127,2.6722143456299348
86.5,9.641046426463582,20.995276426630838,0.9766115123803437,1.0185905955857109,1.6019867290378274,1.7708727362995884,3.7152297554254914,1.832698066727002,5.405627140176254,1.6656403777451017,8.121860799889001,7.585546161977611,15.428655901491215,3.192771242255959,12.156180604676464,2.6129271595032733
87.0,10.03217013067573,23.15423509040614,1.007506147710192,1.0182506688059392,1.8368620644008955,1.934303926899617,4.038153771776048,2.1171974197093313,5.379991898081732,1.8263253725163364,7.704468590655243,7.349250035294512,14.983520728860261,3.3890391228781716,12.088728928093152,2.543143337770565
87.5,10.324600006608868,25.273935595606172,1.0629849105015579,1.018169086378794,2.0727255438987693,2.158176805049884,4.390323676765343,2.57146521391091,5.333141675051716,2.0264517122215087,7.391832009434944,7.09583794157424,14.508581016025135,3.58982713042345,11.989470018138135,2.462606447965864
88.0,10.550288677879156,26.99959329327034,1.1530372004438838,1.018719767762024,2.318661568091521,2.4163376518984347,4.800407544665316,3.1612450698712227,5.2678320323485845,2.2213691932838238,7.154258732526275,6.862569909321792,13.970015676481484,3.752532975018716,11.86547728572111,2.393284204671857
88.5,10.725218730536778,28.523477137271698,1.2932378880207092,1.0198279290640797,2.5875952487046923,2.7140024351033145,5.3179065732480435,3.937107086439008,5.175989459552054,2.4132608914911797,6.9772668146657875,6.617952758733709,13.324894948868273,3.8839874035634483,11.711642156296183,2.3387951549080035
89.0,10.831905943254917,29.879755363640697,1.460150821138053,1.0218198999935413,2.8318393091194514,3.0332625065014893,5.8710710610951224,4.89510655277859,5.070869058569596,2.5923195545198294,6.875568004439973,6.348327638819671,12.690924943583893,3.97794387777457,11.557090439491516,2.306165548241215
89.5,10.897262631827056,31.098104690974203,1.6584887407784348,1.0267692339070167,3.068061690024778,3.358336978107712,6.498900827440776,6.001218058630924,4.947982389406827,2.7530974461331024,6.8178136598563945,6.044086460826087,12.038358276969186,4.032683476146126,11.388838804824713,2.2980565838180858
90.0,10.936150384380985,32.200864417057744,1.901966931596109,1.0398224222502475,3.311727779341821,3.6776561539552692,7.25489406118153,7.200015073779465,4.797256029139634,2.8943670009183515,6.790458392590794,5.705264145117061,11.324826361014248,4.050617931684292,11.174864272186085,2.314126351684021
90.5,10.954559010710968,33.27868247894188,2.1471301622807517,1.073495569054426,3.524593602419275,4.009387264173247,8.005543837291716,8.526501588521073,4.645041097633797,3.028808637813792,6.78933972735787,5.31587215355382,10.660901130088817,4.035083974371219,10.928597076015281,2.358927952734368
91.0,10.963669210244415,34.16123260319792,2.4082912017422373,1.1344784333454574,3.7282911259063427,4.299338916733651,8.784093035534523,9.705143501772689,4.487337769881659,3.144359038331891,6.807090950084984,4.968738791186699,9.979262566256129,3.9968407795589895,10.62545749866314,2.430609374715075
91.5,10.96898140189156,34.90423952625798,2.7079866190379964,1.236116540497177,3.9442891794488393,4.572866920421769,9.634482053032757,10.784134360862634,4.324265358845096,3.264773252079562,6.843868153595338,4.684267527902619,9.200712482313946,3.9437789084960784,10.238985743763763,2.5381970404274328
92.0,10.975715755082032,35.44243534180587,3.0008143240472642,1.3874247487091282,4.144742607097112,4.829690529103031,10.409845320684322,11.734055983287554,4.197850434952562,3.4041782345353293,6.889815810468624,4.541518068045821,8.434949876308039,3.8785684941536074,9.852421525976677,2.6855374368606286
92.5,10.986804432291935,35.70535088979709,3.31055284748241,1.5917547360298594,4.351684226422974,5.068797579081753,11.168086199301428,12.547493042052807,4.112280315008946,3.574710294562615,6.9431735405321025,4.665051350395424,7.63111061921842,3.7943525751428973,9.474479472468406,2.870778551760608
93.0,11.002176325444102,35.64587220502194,3.6666064706873556,1.8466114398958466,4.593490553901399,5.290683070121519,11.976957399178021,13.23246867784112,4.091434636098308,3.7892422802724264,7.004834541607409,5.140008211274189,6.744285254806476,3.6813231875770285,9.121679619176186,3.0855264957420814
93.5,11.014448742997423,35.209718377334084,4.012919086533846,2.1707112288013164,4.843821955071138,5.517666319920563,12.738071446481403,13.853204484935642,4.164153045576984,4.101893237640739,7.0617347115751485,5.9611106870781185,5.950282119510178,3.519048009590009,8.882008108995251,3.3356849140210434
94.0,11.018568828645012,34.50133545233685,4.370899428630506,2.5018746961904403,5.126790079032887,5.728927786183744,13.556039246848128,14.350353534831676,4.352616391214703,4.509717009677196,7.114424711228276,6.889897588549314,5.230504551999206,3.3331910261062614,8.736856785774277,3.5667989478290996
94.5,11.008847936213545,33.56298057236057,4.7316456528992425,2.851054282907462,5.44114576244642,5.960838869450093,14.48093981241707,14.823019849371613,4.711117752234704,5.075306161449403,7.155537826494156,7.898951441238257,4.649591408643836,3.1208499186789096,8.684368686518448,3.784880513867868
95.0,10.978940715522935,32.469715308768336,5.112793614840166,3.2090515702917592,5.807994272492864,6.233842321149936,15.654252846265862,15.321341979685652,5.398735396235506,5.826582829478556,7.182663290436713,8.917413837743027,4.230405307452849,2.8950907377094306,8.735539189624431,3.9814901347581104
95.5,10.933163845139994,31.295192197632332,5.444054998090064,3.5700334148024515,6.160794356019009,6.570922384037072,16.92017521027937,15.878129708656664,6.456700473899722,6.796465673289768,7.197509452287627,9.884677991839611,3.980309050634983,2.6697360088589996,8.906179448890368,4.1533283794379905
96.0,10.871747380608493,29.99506315783248,5.748134204362441,3.9631451385371594,6.517416506481666,7.034552461109272,18.351946200711506,16.55787814672744,8.068448141757436,8.176780036203226,7.2180833535675895,10.820284341559075,3.795443999835805,2.439029779285236,9.226108745602234,4.313057313225989
96.5,10.79056287062471,28.764060345676363,6.044855626992593,4.335215394604003,6.898350731506324,7.5600648966854225,20.04629406298389,17.249247982514415,10.534266398572335,9.868723491222575,7.271306670366645,11.547276436087502,3.6484529541879898,2.245686686672067,9.75196059848145,4.44811174529076
97.0,10.70356004679748,27.45105863778643,6.2927176067868835,4.728320319803114,7.239833768054606,8.157344909924818,21.68305662739826,17.98825825517356,13.50017641273649,12.043790244239066,7.368331367720003,12.128595737420813,3.5714215196470422,2.0750678112661634,10.382125999177081,4.609897837305567
97.5,10.602678599438581,26.011021091344798,6.524212545960973,5.1561453662881025,7.572749781396415,8.787915504279162,23.319103550165686,18.757537649499373,17.09238289006674,14.692153136462807,7.514408234763606,12.564756073773761,3.5786648127161875,1.9323673668556731,11.13216953378671,4.8820866536588925
98.0,10.470848407199986,24.438864742005638,6.768247941196807,5.62837164874686,7.930961352377793,9.412361400066196,25.001911028249822,19.537861018537708,21.575436756460086,17.71755776856477,7.705197023830171,12.86580952138648,3.719399814708873,1.827307184005866,12.08712623803954,5.386637475154544
98.5,10.318170999867405,22.783512686710225,6.994439368439003,6.1436666542026845,8.26800240137669,9.997561941462953,26.40140923092908,20.30775430468849,26.101363747154245,20.97222517132832,7.873148565680392,13.046522405653906,3.990342622311109,1.776297532954422,13.121701193849983,6.225479357756342
99.0,10.123355782571577,21.018273274218792,7.221141006955658,6.743277098113067,8.617646949151595,10.560339732375052,27.62622195811217,21.103224390833926,30.81437914363974,24.5615866249781,7.996604981095425,13.12284834435071,4.385496994345139,1.8059086709665921,14.317824224968371,7.551206714199749
99.5,9.855487473057359,19.50427007275145,7.457838758467997,7.329072917693528,9.012410531006285,11.002352357085442,28.794191534330388,21.780243745445198,35.90029868011456,27.764337964019724,8.05281140518228,13.091864004138563,4.919240399908756,1.9233982666230758,15.78086449717911,9.141834506464377
